{
  "project_info": {
    "project_number": "508261191865",
    "project_id": "aplicationwave",
    "storage_bucket": "aplicationwave.appspot.com"
  },
  "client": [
    {
      "client_info": {
        "mobilesdk_app_id": "1:508261191865:android:c3b41ea4932e4212ee8b68",
        "android_client_info": {
          "package_name": "com.aplicationwave"
        }
      },
      "oauth_client": [],
      "api_key": [
        {
          "current_key": "AIzaSyDmdWPFYzuaoCja8nzIxPF9d0G4ays94HE"
        }
      ],
      "services": {
        "appinvite_service": {
          "other_platform_oauth_client": []
        }
      }
    }
  ],
  "configuration_version": "1"
}