{
  "project_info": {
    "project_number": "267190973159",
    "project_id": "wavetry-c2238",
    "storage_bucket": "wavetry-c2238.appspot.com"
  },
  "client": [
    {
      "client_info": {
        "mobilesdk_app_id": "1:267190973159:android:7aae18a0be9d1e3414e842",
        "android_client_info": {
          "package_name": "com.wave.wave"
        }
      },
      "oauth_client": [],
      "api_key": [
        {
          "current_key": "AIzaSyCxX8KyLcIcBMtbeurcwFIuPmmj595ZUEQ"
        }
      ],
      "services": {
        "appinvite_service": {
          "other_platform_oauth_client": []
        }
      }
    }
  ],
  "configuration_version": "1"
}